player_id,player,team,season,minutes,points_per_100,dbpm,block_pct,true_shooting_pct,position
doncilu01,Luka Dončić,LAL,2025-26,2289,45.7,1.3,1.4,0.616,G-F
gilgesh01,Shai Gilgeous-Alexander,OKC,2025-26,2259,45.3,3.0,2.3,0.665,G
leonaka01,Kawhi Leonard,LAC,2025-26,2085,43.2,0.6,1.2,0.629,F
brownja02,Jaylen Brown,BOS,2025-26,2443,42.3,-0.2,1.1,0.573,F-G
wembavi01,Victor Wembanyama,SAS,2025-26,1866,41.2,4.2,9.4,0.626,C-F
mitchdo01,Donovan Mitchell,CLE,2025-26,2342,40.1,-0.2,0.8,0.613,G
edwaran01,Anthony Edwards,MIN,2025-26,2137,39.3,-0.2,2.0,0.617,G-F
jokicni01,Nikola Jokić,DEN,2025-26,2247,38.6,4.1,2.2,0.669,C-F
bookede01,Devin Booker,PHO,2025-26,2146,38.4,-1.0,0.8,0.585,G
portemi01,Michael Porter Jr.,BRK,2025-26,1689,36.9,-1.2,0.7,0.595,F
brunsja01,Jalen Brunson,NYK,2025-26,2590,36.9,-0.9,0.3,0.58,G
maxeyty01,Tyrese Maxey,PHI,2025-26,2634,35.9,0.5,2.0,0.586,G
duranke01,Kevin Durant,HOU,2025-26,2840,35.7,0.1,2.3,0.641,F-G
ballla01,LaMelo Ball,CHO,2025-26,1988,35.5,-0.1,0.7,0.547,G
murraja01,Jamal Murray,DEN,2025-26,2652,35.1,-1.4,1.0,0.622,G
avdijde01,Deni Avdija,POR,2025-26,2166,34.7,0.6,1.7,0.599,G-F
siakapa01,Pascal Siakam,IND,2025-26,2057,34.3,-1.0,1.0,0.562,F-C
cunnica01,Cade Cunningham,DET,2025-26,2150,34.3,1.6,2.5,0.567,G
powelno01,Norman Powell,MIA,2025-26,1694,33.9,-0.2,0.7,0.609,G
willizi01,Zion Williamson,NOP,2025-26,1841,33.9,-0.6,1.7,0.644,F-C
georgke01,Keyonte George,UTA,2025-26,1786,33.5,-2.1,0.8,0.609,G
durenja01,Jalen Duren,DET,2025-26,1976,33.4,0.5,3.0,0.688,C
hardeja01,James Harden,CLELAC,2025-26,2438,33.3,-0.8,1.1,0.61,G
millebr02,Brandon Miller,CHO,2025-26,1941,33.0,-0.1,2.0,0.573,F-G
reaveau01,Austin Reaves,LAL,2025-26,1762,32.9,-0.7,1.1,0.641,G
brookdi01,Dillon Brooks,PHO,2025-26,1702,32.8,-1.3,0.5,0.54,F-G
townska01,Karl-Anthony Towns,NYK,2025-26,2322,32.1,0.6,1.8,0.619,C-F
sextoco01,Collin Sexton,CHICHO,2025-26,1585,31.5,-0.4,0.6,0.616,G
ingrabr01,Brandon Ingram,TOR,2025-26,2572,30.9,-0.5,2.0,0.569,F
barrerj01,RJ Barrett,TOR,2025-26,1697,30.8,-0.7,1.1,0.583,G-F
banchpa01,Paolo Banchero,ORL,2025-26,2464,30.7,0.0,1.5,0.569,F
jamesle01,LeBron James,LAL,2025-26,1972,30.7,0.2,1.7,0.595,F-G
sengual01,Alperen Şengün,HOU,2025-26,2398,30.6,1.4,3.0,0.569,C-F
randlju01,Julius Randle,MIN,2025-26,2610,30.5,0.0,0.6,0.585,F-C
johnsja05,Jalen Johnson,ATL,2025-26,2532,30.2,1.4,1.1,0.581,F
grantje01,Jerami Grant,POR,2025-26,1695,29.9,-0.9,1.9,0.608,F
mccolcj01,CJ McCollum,ATLWAS,2025-26,2264,29.7,-1.7,1.4,0.566,G
flaggco01,Cooper Flagg,DAL,2025-26,2334,29.6,0.4,2.3,0.548,F-G
sensabr01,Brice Sensabaugh,UTA,2025-26,1749,29.5,-3.0,0.7,0.59,F
alexani01,Nickeil Alexander-Walker,ATL,2025-26,2603,29.5,-0.3,1.5,0.61,G
knuepko01,Kon Knueppel,CHO,2025-26,2519,29.2,-0.4,0.7,0.635,G-F
murphtr02,Trey Murphy III,NOP,2025-26,2341,29.0,-0.6,1.0,0.613,F
banede01,Desmond Bane,ORL,2025-26,2738,28.8,-0.3,1.2,0.608,G
foxde01,De'Aaron Fox,SAS,2025-26,2198,28.7,0.7,0.7,0.579,G
adebaba01,Bam Adebayo,MIA,2025-26,2336,28.7,0.4,1.8,0.55,C-F
holmgch01,Chet Holmgren,OKC,2025-26,1997,28.6,1.9,6.4,0.653,F-C
derozde01,DeMar DeRozan,SAC,2025-26,2406,28.5,-1.0,0.9,0.594,G-F
mathube01,Bennedict Mathurin,INDLAC,2025-26,1588,28.4,-1.4,0.7,0.577,G-F
portibo01,Bobby Portis,MIL,2025-26,1619,27.8,-1.6,0.7,0.587,F-C
bridgmi02,Miles Bridges,CHO,2025-26,2363,27.4,-0.1,1.3,0.571,G-F
mobleev01,Evan Mobley,CLE,2025-26,2074,27.3,1.2,5.2,0.596,F-C
allenja01,Jarrett Allen,CLE,2025-26,1519,27.2,0.4,2.9,0.669,C-F
beysa01,Saddiq Bey,NOP,2025-26,2246,27.1,-1.8,0.3,0.579,F
johnske04,Keldon Johnson,SAS,2025-26,1890,27.0,-0.3,0.5,0.613,G
castlst01,Stephon Castle,SAS,2025-26,2008,26.9,0.9,0.8,0.576,G
pritcpa01,Payton Pritchard,BOS,2025-26,2556,26.7,-0.3,0.4,0.584,G
rolliry01,Ryan Rollins,MIL,2025-26,2376,26.5,-0.5,1.3,0.583,G
barnesc01,Scottie Barnes,TOR,2025-26,2649,26.3,2.2,4.1,0.576,G-F
holidjr01,Jrue Holiday,POR,2025-26,1528,26.3,-0.5,0.3,0.573,G
fearsje01,Jeremiah Fears,NOP,2025-26,2071,26.2,-1.3,1.3,0.524,G
buzelma01,Matas Buzelis,CHI,2025-26,2248,26.1,-0.4,4.5,0.586,F
sheppre01,Reed Sheppard,HOU,2025-26,2121,25.7,1.5,2.3,0.565,G
nembhan01,Andrew Nembhard,IND,2025-26,1786,25.7,-1.9,0.4,0.564,G
dosunay01,Ayo Dosunmu,CHIMIN,2025-26,1881,25.6,-0.3,0.8,0.63,G
westbru01,Russell Westbrook,SAC,2025-26,1853,25.3,-1.1,0.6,0.528,G
quickim01,Immanuel Quickley,TOR,2025-26,2215,25.2,0.5,0.2,0.579,G
vucevni01,Nikola Vučević,BOSCHI,2025-26,1818,25.2,0.1,2.0,0.574,C
joeis01,Isaiah Joe,OKC,2025-26,1507,25.2,0.5,0.7,0.657,G
harpedy01,Dylan Harper,SAS,2025-26,1540,25.1,1.1,1.4,0.575,G
cowarce01,Cedric Coward,MEM,2025-26,1598,25.0,-0.6,1.6,0.585,F-G
jaqueja01,Jaime Jaquez Jr.,MIA,2025-26,2096,24.9,-0.1,0.9,0.567,G-F
anunoog01,OG Anunoby,NYK,2025-26,2224,24.9,1.1,2.2,0.62,F
reidna01,Naz Reid,MIN,2025-26,2007,24.9,1.0,3.4,0.565,F
giddejo01,Josh Giddey,CHI,2025-26,1731,24.9,0.4,1.4,0.562,G
mamuksa01,Sandro Mamukelashvili,TOR,2025-26,1733,24.9,0.7,2.3,0.635,C-F
hardati02,Tim Hardaway Jr.,DEN,2025-26,2127,24.8,-1.9,0.4,0.624,G
collijo01,John Collins,LAC,2025-26,1851,24.6,-0.5,2.6,0.642,F
jonestr01,Tre Jones,CHI,2025-26,1733,24.6,0.2,0.6,0.643,G
whitede01,Derrick White,BOS,2025-26,2625,24.5,1.0,3.8,0.529,G
thompam01,Amen Thompson,HOU,2025-26,2953,24.4,1.0,1.5,0.594,G-F
kuzmaky01,Kyle Kuzma,MIL,2025-26,1806,24.4,-1.3,1.5,0.581,F
marshna01,Naji Marshall,DAL,2025-26,2184,24.4,0.1,0.2,0.592,F
watsope01,Peyton Watson,DEN,2025-26,1598,24.1,-0.5,3.6,0.594,G-F
blackan01,Anthony Black,ORL,2025-26,1891,24.0,0.6,2.1,0.548,G
suggsja01,Jalen Suggs,ORL,2025-26,1536,23.9,1.8,2.3,0.558,G
wiggian01,Andrew Wiggins,MIA,2025-26,2037,23.7,0.5,3.0,0.59,F-G
podzibr01,Brandin Podziemski,GSW,2025-26,2312,23.5,-0.1,0.6,0.584,G
baileac01,Ace Bailey,UTA,2025-26,1958,23.4,-2.4,2.4,0.538,G-F
tysonja01,Jaylon Tyson,CLE,2025-26,1752,23.4,-0.5,1.5,0.611,G
wareke01,Kel'el Ware,MIA,2025-26,1675,23.1,0.1,4.5,0.613,C
okongon01,Onyeka Okongwu,ATL,2025-26,2297,23.1,0.9,3.1,0.592,C-F
filipky01,Kyle Filipowski,UTA,2025-26,1801,22.9,-0.5,2.1,0.586,F-C
moodymo01,Moses Moody,GSW,2025-26,1540,22.9,-0.3,2.0,0.6,G
harrito02,Tobias Harris,DET,2025-26,1724,22.8,0.8,1.5,0.568,F
raynama01,Maxime Raynaud,SAC,2025-26,1927,22.6,-1.6,1.8,0.614,F
landajo01,Jock Landale,ATLMEM,2025-26,1506,22.6,-1.0,2.2,0.595,C
wellsja01,Jaylen Wells,MEM,2025-26,1821,22.5,-1.4,0.5,0.559,F
clownno01,Noah Clowney,BRK,2025-26,1780,22.5,-1.1,2.3,0.554,F
rileywi01,Will Riley,WAS,2025-26,1598,22.5,-2.5,0.5,0.553,F
smithja05,Jabari Smith Jr.,HOU,2025-26,2705,22.5,-0.2,2.4,0.57,F-C
mcdanja02,Jaden McDaniels,MIN,2025-26,2316,22.4,0.6,2.7,0.611,F
queende01,Derik Queen,NOP,2025-26,1982,22.2,0.7,3.5,0.549,F-C
edgecvj01,VJ Edgecombe,PHI,2025-26,2592,22.2,-0.1,1.4,0.542,G-F
aytonde01,Deandre Ayton,LAL,2025-26,1933,22.1,-0.9,3.2,0.675,C
spencca01,Cam Spencer,MEM,2025-26,1714,22.1,-0.9,0.6,0.649,G
gilleco01,Collin Gillespie,PHO,2025-26,2282,21.9,0.5,0.7,0.575,G
grimequ01,Quentin Grimes,PHI,2025-26,2178,21.9,-0.7,1.2,0.583,G-F
vassede01,Devin Vassell,SAS,2025-26,2011,21.8,0.4,1.1,0.572,G-F
turnemy01,Myles Turner,MIL,2025-26,1912,21.8,0.0,6.0,0.584,C-F
bridgmi01,Mikal Bridges,NYK,2025-26,2692,21.7,1.4,2.3,0.587,F-G
oubreke01,Kelly Oubre Jr.,PHI,2025-26,1551,21.6,-0.2,1.4,0.58,F
huffja01,Jay Huff,IND,2025-26,1695,21.6,1.3,7.5,0.597,C-F
washipj01,P.J. Washington,DAL,2025-26,1736,21.6,0.1,2.9,0.537,F
robindu01,Duncan Robinson,DET,2025-26,2091,21.5,-0.1,1.0,0.627,G-F
walkeja02,Jarace Walker,IND,2025-26,1953,21.5,-0.7,1.1,0.543,F
schrode01,Dennis Schröder,CLESAC,2025-26,1697,21.5,-1.3,0.6,0.526,G
colliis01,Isaiah Collier,UTA,2025-26,1517,21.3,-1.8,1.3,0.567,G
clingdo01,Donovan Clingan,POR,2025-26,2070,21.2,0.7,5.5,0.603,C
huertke01,Kevin Huerter,CHIDET,2025-26,1529,21.0,0.5,1.9,0.55,G
claxtni01,Nic Claxton,BRK,2025-26,1920,20.9,0.6,3.7,0.592,C
quetane01,Neemias Queta,BOS,2025-26,1926,20.4,1.9,5.2,0.674,C
hollaro01,Ron Holland,DET,2025-26,1530,20.1,1.4,1.7,0.527,F
larsspe01,Pelle Larsson,MIA,2025-26,1849,20.1,-0.1,0.8,0.605,G
achiupr01,Precious Achiuwa,SAC,2025-26,1710,20.1,-1.0,2.6,0.56,F
easonta01,Tari Eason,HOU,2025-26,1525,19.9,0.2,1.7,0.513,F
chrisma02,Max Christie,DAL,2025-26,2232,19.7,-0.6,0.9,0.599,G
hartjo01,Josh Hart,NYK,2025-26,1994,19.7,2.0,0.9,0.612,F-G
cartewe01,Wendell Carter Jr.,ORL,2025-26,2257,19.6,0.4,1.9,0.621,C
johnsca02,Cameron Johnson,DEN,2025-26,1647,19.6,-0.9,1.2,0.629,F
hachiru01,Rui Hachimura,LAL,2025-26,1898,19.5,-1.5,1.0,0.616,F
champju02,Julian Champagnie,SAS,2025-26,2241,19.4,0.9,1.5,0.61,F
lopezbr01,Brook Lopez,LAC,2025-26,1613,19.3,0.4,5.1,0.553,C
dasiltr01,Tristan Da Silva,ORL,2025-26,1876,19.3,0.1,1.2,0.576,F
camarto01,Toumani Camara,POR,2025-26,2698,19.2,0.0,1.2,0.579,F
divindo01,Donte DiVincenzo,MIN,2025-26,2487,19.2,0.7,1.2,0.569,G
goodwjo01,Jordan Goodwin,PHO,2025-26,1572,19.1,1.4,0.9,0.525,G
hausesa01,Sam Hauser,BOS,2025-26,1934,18.8,0.0,1.2,0.59,F
kennalu01,Luke Kennard,ATLLAL,2025-26,1670,18.6,0.1,0.4,0.688,G
barneha02,Harrison Barnes,SAS,2025-26,1961,18.4,0.1,0.5,0.609,F
thompau01,Ausar Thompson,DET,2025-26,1874,18.4,3.6,3.6,0.544,G
carrica01,Bub Carrington,WAS,2025-26,2233,18.2,-2.5,0.6,0.557,G
greenaj01,A.J. Green,MIL,2025-26,2234,17.4,-1.8,0.4,0.628,G
onealro01,Royce O'Neale,PHO,2025-26,2213,17.1,0.9,1.4,0.596,F
willico04,Cody Williams,UTA,2025-26,1591,16.9,-1.9,1.6,0.527,G-F
daniedy01,Dyson Daniels,ATL,2025-26,2520,16.9,1.9,1.1,0.542,G
goberru01,Rudy Gobert,MIN,2025-26,2380,16.6,0.9,4.5,0.664,C
cliffni01,Nique Clifford,SAC,2025-26,1843,16.3,-1.2,1.1,0.498,G
okorois01,Isaac Okoro,CHI,2025-26,1695,16.1,-0.8,1.5,0.574,G-F
laravja01,Jake LaRavia,LAL,2025-26,2037,16.1,0.4,1.7,0.573,F
smartma01,Marcus Smart,LAL,2025-26,1743,16.1,0.6,1.2,0.547,G
brownbr01,Bruce Brown,DEN,2025-26,1970,15.7,0.1,0.9,0.558,G-F
wallaca01,Cason Wallace,OKC,2025-26,2046,15.6,3.3,1.3,0.538,G
barlodo01,Dominick Barlow,PHI,2025-26,1669,15.6,0.4,3.0,0.594,F
diabamo01,Moussa Diabaté,CHO,2025-26,1873,15.1,1.2,3.4,0.653,F
mitchda01,Davion Mitchell,MIA,2025-26,1975,15.1,0.4,0.5,0.578,G
dortlu01,Luguentz Dort,OKC,2025-26,1829,15.1,0.8,1.4,0.524,G
joneshe01,Herbert Jones,NOP,2025-26,1588,15.0,0.6,1.6,0.491,F
greendr01,Draymond Green,GSW,2025-26,1869,14.8,1.0,2.1,0.54,F
mannte01,Terance Mann,BRK,2025-26,1529,14.7,-0.7,0.9,0.564,G-F
ighodos01,Oso Ighodaro,PHO,2025-26,1795,14.6,2.2,2.9,0.638,F
sheadja01,Jamal Shead,TOR,2025-26,1832,14.4,0.0,0.7,0.491,G
dunnkr01,Kris Dunn,LAC,2025-26,2208,13.3,1.4,0.6,0.583,G
jamessi01,Sion James,CHO,2025-26,1822,11.8,1.0,1.0,0.529,G
