season,season_start_year,season_end_year,source_file,source_url,source_rank,team,conference,division,wins,losses,games,win_pct,source_win_pct,mov,ortg,drtg,netrtg,record_rank,ortg_rank,drtg_rank,netrtg_rank,mov_adj,ortg_adj,drtg_adj,netrtg_adj,ortg_adj_rank,drtg_adj_rank,netrtg_adj_rank
2016-17,2016,2017,teamratings1617.csv,https://www.basketball-reference.com/leagues/NBA_2017_ratings.html,9,Washington Wizards,E,SE,49,33,82,0.597561,0.598,1.80,111.98,110.06,1.92,9,7,19,9,1.36,111.96,110.49,1.46,7,20,9
2017-18,2017,2018,teamratings1718.csv,https://www.basketball-reference.com/leagues/NBA_2018_ratings.html,15,Washington Wizards,E,SE,43,39,82,0.524390,0.524,0.59,109.96,109.41,0.55,17,13,15,15,0.53,110.00,109.49,0.50,13,15,15
2018-19,2018,2019,teamratings1819.csv,https://www.basketball-reference.com/leagues/NBA_2019_ratings.html,25,Washington Wizards,E,SE,32,50,82,0.390244,0.390,-2.90,111.72,114.56,-2.84,25,14,28,25,-3.30,111.72,114.97,-3.25,14,28,25
2019-20,2019,2020,teamratings1920.csv,https://www.basketball-reference.com/leagues/NBA_2020_ratings.html,25,Washington Wizards,E,SE,25,47,72,0.347222,0.347,-4.67,111.69,116.16,-4.46,23,16,29,25,-5.24,111.64,116.70,-5.05,17,30,25
2020-21,2020,2021,teamratings2021.csv,https://www.basketball-reference.com/leagues/NBA_2021_ratings.html,22,Washington Wizards,E,SE,34,38,72,0.472222,0.472,-1.83,111.75,113.63,-1.88,17,19,18,22,-1.84,111.79,113.69,-1.91,19,18,22
2021-22,2021,2022,teamratings2122.csv,https://www.basketball-reference.com/leagues/NBA_2022_ratings.html,24,Washington Wizards,E,SE,35,47,82,0.426829,0.427,-3.38,111.72,115.33,-3.61,21,21,25,24,-3.23,111.79,115.23,-3.43,21,25,24
2022-23,2022,2023,teamratings2223.csv,https://www.basketball-reference.com/leagues/NBA_2023_ratings.html,23,Washington Wizards,E,SE,35,47,82,0.426829,0.427,-1.21,115.21,116.49,-1.28,23,22,21,23,-1.06,115.39,116.50,-1.12,20,21,23
2023-24,2023,2024,teamratings2324.csv,https://www.basketball-reference.com/leagues/NBA_2024_ratings.html,29,Washington Wizards,E,SE,15,67,82,0.182927,0.183,-9.29,111.12,120.22,-9.10,29,25,27,28,-9.29,111.11,120.21,-9.11,26,27,29
2024-25,2024,2025,teamratings2425.csv,https://www.basketball-reference.com/leagues/NBA_2025_ratings.html,30,Washington Wizards,E,SE,18,64,82,0.219512,0.220,-12.44,106.79,119.12,-12.33,29,30,27,30,-12.13,106.99,119.01,-12.02,30,27,30
2025-26,2025,2026,teamratings2526.csv,https://www.basketball-reference.com/leagues/NBA_2026_ratings.html,30,Washington Wizards,E,SE,17,65,82,0.207317,0.207,-11.98,111.00,122.84,-11.84,30,29,30,30,-11.62,111.30,122.79,-11.49,27,30,30
